Age,Sex,Job,Housing,Saving accounts,Checking account,Credit amount,Duration,Purpose,Risk
64.5,male,2,own,unknown,little,1169.0,6,radio/TV,good
22.0,female,2,own,little,moderate,5951.0,42,radio/TV,bad
49.0,male,1,own,little,unknown,2096.0,12,education,good
45.0,male,2,free,little,little,7882.0,42,furniture/equipment,good
53.0,male,2,free,little,little,4870.0,24,car,bad
35.0,male,1,free,unknown,unknown,7882.375,36,education,good
53.0,male,2,own,quite rich,unknown,2835.0,24,furniture/equipment,good
35.0,male,3,rent,little,moderate,6948.0,36,car,good
61.0,male,1,own,rich,unknown,3059.0,12,radio/TV,good
28.0,male,3,own,little,moderate,5234.0,30,car,bad
25.0,female,2,rent,little,moderate,1295.0,12,car,bad
24.0,female,2,rent,little,little,4308.0,42,business,bad
22.0,female,2,own,little,moderate,1567.0,12,radio/TV,good
60.0,male,1,own,little,little,1199.0,24,car,bad
28.0,female,2,rent,little,little,1403.0,15,car,good
32.0,female,1,own,moderate,little,1282.0,24,radio/TV,bad
53.0,male,2,own,unknown,unknown,2424.0,24,radio/TV,good
25.0,male,2,own,unknown,little,7882.375,30,business,good
44.0,female,3,free,little,moderate,7882.375,24,car,bad
31.0,male,2,own,quite rich,unknown,3430.0,24,radio/TV,good
48.0,male,2,own,little,unknown,2134.0,9,car,good
44.0,male,2,rent,quite rich,little,2647.0,6,radio/TV,good
48.0,male,1,rent,little,little,2241.0,10,car,good
44.0,male,2,own,moderate,moderate,1804.0,12,car,good
26.0,male,2,own,unknown,unknown,2069.0,10,furniture/equipment,good
36.0,male,1,own,little,little,1374.0,6,furniture/equipment,good
39.0,male,1,own,little,unknown,426.0,6,radio/TV,good
42.0,female,2,rent,rich,rich,409.0,12,radio/TV,good
34.0,male,2,own,little,moderate,2415.0,7,radio/TV,good
63.0,male,2,own,little,little,6836.0,42,business,bad
36.0,male,2,own,rich,moderate,1913.0,18,business,good
27.0,male,2,own,little,little,4020.0,24,furniture/equipment,good
30.0,male,2,own,moderate,moderate,5866.0,18,car,good
57.0,male,1,rent,unknown,unknown,1264.0,12,business,good
33.0,female,3,own,little,rich,1474.0,12,furniture/equipment,good
25.0,male,1,own,little,moderate,4746.0,42,radio/TV,bad
31.0,male,2,free,little,unknown,6110.0,42,education,good
37.0,male,2,own,little,rich,2100.0,18,radio/TV,bad
37.0,male,2,own,little,rich,1225.0,10,domestic appliances,good
24.0,male,2,own,little,moderate,458.0,9,radio/TV,good
30.0,male,3,own,quite rich,unknown,2333.0,30,radio/TV,good
26.0,male,2,own,quite rich,moderate,1158.0,12,radio/TV,good
44.0,male,1,own,little,moderate,6204.0,18,repairs,good
24.0,male,2,rent,moderate,little,6187.0,30,car,good
58.0,female,1,free,little,little,6143.0,42,car,bad
35.0,female,3,own,little,unknown,1393.0,11,car,good
39.0,male,2,own,quite rich,unknown,2299.0,36,radio/TV,good
23.0,female,0,rent,quite rich,little,1352.0,6,car,good
39.0,male,1,own,little,unknown,7228.0,11,car,good
28.0,female,2,own,moderate,unknown,2073.0,12,radio/TV,good
29.0,male,1,own,unknown,moderate,2333.0,24,furniture/equipment,good
30.0,male,3,own,little,moderate,5965.0,27,car,good
25.0,male,2,own,little,unknown,1262.0,12,radio/TV,good
31.0,male,2,own,unknown,unknown,3378.0,18,car,good
57.0,male,2,free,little,moderate,2225.0,36,car,bad
26.0,male,1,own,unknown,unknown,783.0,6,car,good
52.0,male,3,own,unknown,moderate,6468.0,12,radio/TV,bad
31.0,female,2,own,little,unknown,7882.375,36,radio/TV,good
23.0,female,3,own,little,rich,1961.0,18,car,good
23.0,female,1,rent,little,little,6229.0,36,furniture/equipment,bad
27.0,male,2,own,little,moderate,1391.0,9,business,good
50.0,male,2,own,unknown,moderate,1537.0,15,radio/TV,good
61.0,male,3,free,little,moderate,1953.0,36,business,bad
25.0,male,2,own,little,moderate,7882.375,42,business,bad
26.0,female,2,own,little,unknown,3181.0,24,radio/TV,good
48.0,male,2,own,unknown,unknown,5190.0,27,repairs,good
29.0,female,2,own,little,unknown,2171.0,12,radio/TV,good
22.0,male,2,own,rich,moderate,1007.0,12,car,good
37.0,male,2,free,little,unknown,1819.0,36,education,bad
25.0,female,2,own,unknown,unknown,2394.0,36,radio/TV,good
30.0,female,2,own,little,unknown,7882.375,36,car,good
46.0,male,1,rent,unknown,unknown,730.0,7,radio/TV,good
51.0,male,3,free,little,little,1164.0,8,vacation/others,good
41.0,female,1,own,little,moderate,5954.0,42,business,good
40.0,male,3,own,unknown,little,1977.0,36,education,bad
64.5,male,3,free,little,little,1526.0,12,car,good
34.0,male,2,own,little,little,3965.0,42,radio/TV,bad
51.0,male,2,own,little,moderate,4771.0,11,radio/TV,good
39.0,male,1,own,unknown,unknown,7882.375,42,car,good
22.0,male,2,own,little,moderate,3832.0,30,furniture/equipment,good
44.0,female,2,own,unknown,unknown,5943.0,24,radio/TV,bad
47.0,male,2,own,quite rich,unknown,1213.0,15,radio/TV,good
24.0,female,1,rent,moderate,unknown,1568.0,18,business,good
58.0,female,1,own,little,little,1755.0,24,vacation/others,good
52.0,male,1,own,little,little,2315.0,10,radio/TV,good
29.0,female,3,own,little,unknown,1412.0,12,business,good
27.0,female,2,own,little,moderate,1295.0,18,furniture/equipment,good
47.0,male,2,free,moderate,moderate,7882.375,36,education,bad
30.0,male,3,own,moderate,little,2249.0,18,car,good
28.0,male,2,own,little,little,1108.0,12,repairs,bad
56.0,male,2,own,little,unknown,618.0,12,radio/TV,good
54.0,male,2,own,little,little,1409.0,12,car,good
33.0,female,1,own,unknown,unknown,797.0,12,radio/TV,bad
20.0,male,2,rent,unknown,rich,3617.0,24,furniture/equipment,good
54.0,male,2,own,rich,moderate,1318.0,12,car,good
58.0,male,2,rent,little,moderate,7882.375,42,business,bad
61.0,female,2,own,unknown,unknown,2012.0,12,education,good
34.0,male,2,own,moderate,moderate,2622.0,18,business,good
36.0,male,2,own,little,moderate,2337.0,36,radio/TV,good
36.0,male,3,rent,unknown,moderate,7057.0,20,car,good
41.0,male,1,rent,moderate,unknown,1469.0,24,car,good
24.0,male,2,rent,little,moderate,2323.0,36,radio/TV,good
24.0,female,2,own,little,unknown,932.0,6,radio/TV,good
35.0,male,2,rent,little,moderate,1919.0,9,furniture/equipment,good
26.0,male,2,rent,unknown,unknown,2445.0,12,car,good
39.0,male,3,own,little,moderate,7882.375,24,vacation/others,bad
39.0,male,3,own,little,unknown,6458.0,18,car,bad
32.0,male,2,own,little,moderate,6078.0,12,car,good
30.0,female,2,own,unknown,little,7721.0,24,furniture/equipment,good
35.0,male,2,own,quite rich,moderate,1410.0,14,business,good
31.0,male,2,own,moderate,moderate,1449.0,6,business,good
23.0,female,2,rent,little,rich,392.0,15,education,good
28.0,male,1,rent,little,moderate,6260.0,18,car,good
25.0,female,2,own,little,unknown,7855.0,36,car,bad
35.0,male,2,own,quite rich,little,1680.0,12,radio/TV,good
47.0,male,2,own,unknown,unknown,3578.0,42,radio/TV,good
30.0,female,3,own,unknown,little,7174.0,42,radio/TV,bad
27.0,female,2,rent,unknown,little,2132.0,10,furniture/equipment,good
23.0,female,2,own,quite rich,little,4281.0,33,furniture/equipment,bad
36.0,male,3,own,quite rich,moderate,2366.0,12,car,good
25.0,female,2,own,little,little,1835.0,21,radio/TV,bad
41.0,female,3,rent,little,unknown,3868.0,24,car,good
24.0,male,1,rent,little,unknown,1768.0,12,furniture/equipment,good
63.0,male,2,free,little,rich,781.0,10,car,good
27.0,female,2,rent,unknown,moderate,1924.0,18,furniture/equipment,bad
30.0,male,2,own,little,little,2121.0,12,car,good
40.0,male,1,own,little,little,701.0,12,radio/TV,good
30.0,male,2,own,little,moderate,639.0,12,repairs,bad
34.0,male,3,own,little,moderate,1860.0,12,car,good
29.0,female,2,own,little,little,3499.0,12,car,bad
24.0,female,2,own,unknown,moderate,7882.375,42,car,good
29.0,male,2,own,little,little,6887.0,36,education,bad
27.0,male,1,own,little,unknown,2708.0,15,furniture/equipment,good
47.0,male,2,free,little,unknown,1984.0,18,furniture/equipment,good
21.0,female,2,own,moderate,unknown,7882.375,42,radio/TV,good
38.0,female,2,own,unknown,unknown,1240.0,12,radio/TV,good
27.0,male,2,own,rich,unknown,7882.375,27,car,good
64.5,male,1,own,quite rich,moderate,766.0,12,radio/TV,bad
35.0,male,2,own,unknown,moderate,2728.0,15,radio/TV,good
44.0,female,1,rent,little,rich,1881.0,12,radio/TV,good
27.0,male,0,own,rich,rich,709.0,6,car,good
30.0,female,3,own,little,moderate,4795.0,36,radio/TV,good
27.0,male,3,own,little,little,3416.0,27,radio/TV,good
22.0,male,2,own,little,little,2462.0,18,furniture/equipment,bad
23.0,female,2,own,little,unknown,2288.0,21,furniture/equipment,good
30.0,male,2,own,moderate,moderate,3566.0,42,business,good
39.0,female,2,own,little,little,860.0,6,car,good
51.0,female,2,own,moderate,unknown,682.0,12,car,good
28.0,male,2,own,little,little,5371.0,36,furniture/equipment,good
46.0,male,2,own,rich,unknown,1582.0,18,radio/TV,good
42.0,male,2,free,moderate,unknown,1346.0,6,radio/TV,good
38.0,male,2,own,little,unknown,1924.0,10,radio/TV,good
24.0,male,2,own,little,rich,5848.0,36,radio/TV,good
29.0,female,2,rent,rich,moderate,7758.0,24,car,good
36.0,male,3,rent,moderate,moderate,6967.0,24,business,good
20.0,female,2,rent,little,little,1282.0,12,furniture/equipment,bad
48.0,male,2,own,moderate,little,1288.0,9,repairs,good
45.0,male,1,own,little,little,339.0,12,education,good
38.0,male,2,own,moderate,moderate,3512.0,24,car,good
34.0,male,1,own,unknown,unknown,1898.0,6,radio/TV,good
36.0,male,2,own,moderate,unknown,2872.0,24,radio/TV,good
30.0,female,2,own,little,unknown,1055.0,18,car,good
36.0,male,2,own,quite rich,unknown,1262.0,15,domestic appliances,good
64.5,male,3,free,little,moderate,7308.0,10,car,good
36.0,male,2,own,quite rich,unknown,909.0,36,car,good
32.0,male,2,own,quite rich,unknown,2978.0,6,furniture/equipment,good
33.0,female,2,own,little,little,1131.0,18,furniture/equipment,bad
20.0,female,2,own,rich,moderate,1577.0,11,furniture/equipment,good
25.0,female,2,rent,little,unknown,3972.0,24,furniture/equipment,good
31.0,male,2,own,little,moderate,1935.0,24,business,bad
33.0,male,2,rent,little,little,950.0,15,car,bad
26.0,female,2,own,little,unknown,763.0,12,furniture/equipment,good
34.0,female,3,own,little,moderate,2064.0,24,furniture/equipment,bad
33.0,male,2,own,little,moderate,1414.0,8,radio/TV,good
26.0,male,2,own,little,little,3414.0,21,education,bad
53.0,female,3,own,unknown,unknown,7485.0,30,car,bad
42.0,male,2,own,little,little,2577.0,12,furniture/equipment,good
52.0,male,2,own,quite rich,little,338.0,6,radio/TV,good
31.0,male,3,rent,little,unknown,1963.0,12,radio/TV,good
64.5,male,2,own,little,little,571.0,21,car,good
28.0,male,2,own,little,unknown,7882.375,36,business,bad
30.0,male,3,own,little,moderate,4455.0,36,business,bad
40.0,male,1,own,unknown,little,1647.0,21,car,bad
50.0,male,2,own,rich,unknown,3777.0,24,furniture/equipment,good
36.0,male,2,own,little,moderate,884.0,18,car,bad
31.0,male,2,own,little,unknown,1360.0,15,radio/TV,good
64.5,female,3,free,little,moderate,5129.0,9,car,bad
64.5,male,0,free,little,moderate,1175.0,16,car,good
20.0,male,2,own,moderate,little,674.0,12,radio/TV,bad
33.0,female,2,own,little,moderate,3244.0,18,furniture/equipment,good
54.0,male,3,own,rich,unknown,4591.0,24,business,bad
34.0,male,1,free,moderate,moderate,3844.0,42,business,bad
36.0,male,2,own,little,moderate,3915.0,27,business,bad
29.0,male,2,rent,little,unknown,2108.0,6,radio/TV,good
21.0,male,2,rent,moderate,moderate,3031.0,42,radio/TV,bad
34.0,female,3,own,little,moderate,1501.0,9,education,bad
28.0,female,2,own,little,unknown,1382.0,6,radio/TV,good
27.0,female,2,rent,moderate,moderate,951.0,12,furniture/equipment,bad
36.0,male,2,free,unknown,moderate,2760.0,24,car,good
40.0,male,3,own,little,moderate,4297.0,18,furniture/equipment,bad
52.0,male,2,own,quite rich,unknown,936.0,9,education,good
27.0,male,1,own,little,little,1168.0,12,car,good
26.0,male,2,own,little,unknown,5117.0,27,business,good
21.0,male,2,rent,little,little,902.0,12,education,bad
38.0,male,1,own,little,unknown,1495.0,12,car,good
38.0,male,3,free,little,little,7882.375,30,car,good
43.0,male,2,own,little,unknown,1935.0,12,furniture/equipment,good
26.0,male,2,own,little,moderate,1424.0,12,domestic appliances,good
21.0,male,1,own,little,little,6568.0,24,business,good
55.0,male,2,own,rich,unknown,1413.0,12,car,good
33.0,male,2,own,unknown,unknown,3074.0,9,radio/TV,good
45.0,female,1,own,unknown,unknown,3835.0,36,radio/TV,good
50.0,male,2,own,little,little,5293.0,27,business,bad
64.5,male,3,own,little,rich,1908.0,30,business,bad
51.0,male,2,own,unknown,unknown,3342.0,36,radio/TV,good
39.0,female,1,own,unknown,moderate,932.0,6,education,good
31.0,male,2,own,little,little,3104.0,18,business,good
23.0,male,2,own,little,rich,3913.0,36,radio/TV,good
24.0,male,1,rent,little,little,3021.0,24,furniture/equipment,good
64.0,female,2,own,little,unknown,1364.0,10,car,good
26.0,male,1,own,little,moderate,625.0,12,radio/TV,good
23.0,female,2,rent,unknown,little,1200.0,12,education,good
30.0,male,2,own,little,unknown,707.0,12,radio/TV,good
32.0,male,2,own,unknown,unknown,2978.0,24,business,good
30.0,male,2,own,little,unknown,4657.0,15,car,good
27.0,male,2,own,little,unknown,2613.0,36,repairs,good
27.0,male,2,own,rich,moderate,7882.375,42,radio/TV,bad
53.0,male,3,free,little,little,7865.0,12,furniture/equipment,bad
22.0,male,2,own,little,unknown,1478.0,9,radio/TV,bad
22.0,male,2,free,little,little,3149.0,24,furniture/equipment,good
26.0,male,2,own,little,rich,4210.0,36,radio/TV,bad
51.0,male,1,free,quite rich,unknown,2507.0,9,car,good
35.0,male,2,own,moderate,unknown,2141.0,12,radio/TV,good
25.0,male,1,own,little,moderate,866.0,18,radio/TV,good
42.0,male,1,own,little,unknown,1544.0,4,radio/TV,good
30.0,male,3,own,little,little,1823.0,24,radio/TV,bad
23.0,male,0,own,unknown,moderate,7882.375,6,car,bad
61.0,male,1,rent,moderate,moderate,2767.0,21,business,bad
35.0,female,2,own,little,unknown,1291.0,12,radio/TV,good
39.0,male,2,own,little,little,2522.0,30,radio/TV,good
29.0,female,2,own,unknown,little,915.0,24,car,bad
51.0,male,2,own,little,unknown,1595.0,6,radio/TV,good
24.0,male,2,free,little,little,4605.0,42,car,bad
27.0,female,2,own,little,unknown,1185.0,12,business,good
35.0,female,1,own,quite rich,unknown,3447.0,12,education,good
25.0,male,2,own,little,unknown,1258.0,24,business,good
52.0,male,2,own,little,unknown,717.0,12,radio/TV,good
35.0,male,2,rent,moderate,unknown,1204.0,6,car,good
26.0,male,2,own,little,rich,1925.0,24,furniture/equipment,good
22.0,female,2,rent,little,unknown,433.0,18,radio/TV,bad
39.0,female,1,own,rich,little,666.0,6,car,good
46.0,female,1,own,little,rich,2251.0,12,furniture/equipment,good
24.0,female,2,own,little,moderate,2150.0,30,car,bad
35.0,male,2,own,moderate,unknown,4151.0,24,furniture/equipment,good
24.0,male,2,own,unknown,moderate,2030.0,9,furniture/equipment,good
27.0,male,1,own,unknown,moderate,7418.0,42,radio/TV,good
35.0,male,1,own,little,unknown,2684.0,24,radio/TV,good
29.0,male,2,free,little,little,2149.0,12,radio/TV,bad
23.0,female,2,own,moderate,unknown,3812.0,15,car,good
57.0,female,1,own,moderate,unknown,1154.0,11,radio/TV,good
27.0,male,2,own,little,little,1657.0,12,furniture/equipment,good
55.0,female,2,own,little,little,1603.0,24,radio/TV,good
36.0,male,3,free,little,little,5302.0,18,car,good
57.0,female,1,free,little,unknown,2748.0,12,education,good
32.0,male,1,own,little,unknown,1231.0,10,car,good
37.0,male,2,own,little,moderate,802.0,15,radio/TV,bad
36.0,male,2,own,unknown,unknown,6304.0,36,business,good
38.0,female,2,own,little,unknown,1533.0,24,radio/TV,good
45.0,male,3,own,little,little,7882.375,14,car,bad
25.0,male,2,own,unknown,unknown,999.0,24,radio/TV,good
32.0,male,2,own,unknown,unknown,2662.0,18,car,good
37.0,female,2,rent,quite rich,unknown,1402.0,12,furniture/equipment,good
36.0,male,3,free,unknown,moderate,7882.375,42,car,good
28.0,male,2,own,little,moderate,3060.0,42,radio/TV,bad
34.0,male,1,own,little,little,7882.375,30,repairs,bad
32.0,male,2,own,little,unknown,2697.0,9,radio/TV,good
26.0,female,2,own,little,unknown,2404.0,18,radio/TV,good
49.0,male,1,own,unknown,little,1262.0,12,furniture/equipment,good
32.0,female,2,own,little,unknown,4611.0,6,furniture/equipment,bad
29.0,male,3,rent,moderate,unknown,1901.0,24,radio/TV,good
23.0,male,2,rent,rich,unknown,3368.0,15,car,good
50.0,male,2,own,little,unknown,1574.0,12,furniture/equipment,good
49.0,male,1,own,unknown,rich,1445.0,18,radio/TV,good
63.0,male,2,own,unknown,unknown,1520.0,15,furniture/equipment,good
37.0,male,2,own,moderate,moderate,3878.0,24,car,good
35.0,female,1,own,little,little,7882.375,42,car,good
26.0,male,2,own,little,little,4788.0,42,car,good
31.0,male,3,free,moderate,moderate,7582.0,42,vacation/others,good
49.0,female,2,own,little,moderate,1092.0,12,radio/TV,good
48.0,male,2,own,little,little,1024.0,24,radio/TV,bad
26.0,male,2,own,little,unknown,1076.0,12,business,good
28.0,male,3,rent,little,moderate,7882.375,36,car,bad
44.0,female,3,free,little,little,6419.0,24,car,good
56.0,male,2,free,little,rich,4796.0,42,car,good
46.0,male,3,own,unknown,unknown,7629.0,42,business,good
26.0,female,2,own,little,moderate,7882.375,42,furniture/equipment,bad
20.0,female,2,rent,unknown,unknown,4675.0,12,car,good
45.0,male,1,own,unknown,unknown,1287.0,10,car,good
43.0,male,2,own,little,unknown,2515.0,18,furniture/equipment,good
32.0,male,2,own,rich,moderate,2745.0,21,furniture/equipment,good
54.0,female,0,own,little,unknown,672.0,6,car,good
42.0,female,2,own,little,moderate,3804.0,36,radio/TV,bad
37.0,male,1,own,unknown,rich,1344.0,24,car,bad
49.0,male,2,own,little,little,1038.0,10,car,good
44.0,male,2,free,quite rich,unknown,7882.375,42,car,bad
33.0,male,2,own,rich,unknown,1543.0,6,furniture/equipment,good
24.0,female,1,rent,unknown,unknown,4811.0,30,car,good
33.0,male,1,own,moderate,little,727.0,12,radio/TV,bad
24.0,female,2,own,little,moderate,1237.0,8,furniture/equipment,bad
22.0,male,1,rent,little,moderate,276.0,9,car,good
40.0,male,0,free,unknown,moderate,5381.0,42,vacation/others,good
25.0,male,2,own,moderate,unknown,5511.0,24,furniture/equipment,good
26.0,female,2,own,little,rich,3749.0,24,furniture/equipment,good
25.0,male,1,own,little,moderate,685.0,12,car,bad
29.0,male,1,own,unknown,rich,1494.0,4,car,good
31.0,male,2,own,little,little,2746.0,36,furniture/equipment,bad
38.0,male,1,own,little,little,708.0,12,furniture/equipment,good
48.0,female,1,own,unknown,moderate,4351.0,24,furniture/equipment,good
32.0,male,2,own,little,unknown,701.0,12,education,good
27.0,female,1,own,little,little,3643.0,15,furniture/equipment,good
28.0,male,3,own,little,moderate,4249.0,30,car,bad
32.0,male,2,own,little,little,1938.0,24,radio/TV,bad
34.0,male,3,free,little,little,2910.0,24,car,good
28.0,male,2,own,rich,little,2659.0,18,furniture/equipment,good
36.0,female,2,own,little,unknown,1028.0,18,car,good
39.0,male,1,own,little,little,3398.0,8,car,good
49.0,male,2,rent,unknown,unknown,5801.0,12,furniture/equipment,good
34.0,female,2,own,rich,unknown,1525.0,24,car,good
31.0,male,2,own,little,rich,4473.0,36,radio/TV,good
28.0,male,2,own,little,moderate,1068.0,6,radio/TV,good
64.5,male,3,free,little,little,6615.0,24,car,good
30.0,female,2,own,moderate,unknown,1864.0,18,education,bad
24.0,female,3,own,moderate,moderate,7408.0,42,car,bad
24.0,female,1,rent,moderate,unknown,7882.375,42,car,bad
23.0,male,2,rent,little,little,4110.0,24,furniture/equipment,bad
44.0,male,3,rent,little,little,3384.0,6,furniture/equipment,bad
23.0,female,1,own,little,moderate,2101.0,13,radio/TV,good
24.0,female,2,rent,unknown,little,1275.0,15,domestic appliances,bad
28.0,male,2,own,little,little,4169.0,24,furniture/equipment,good
31.0,male,1,own,little,moderate,1521.0,10,furniture/equipment,good
24.0,female,2,free,little,moderate,5743.0,24,education,good
26.0,female,1,rent,little,little,3599.0,21,furniture/equipment,good
25.0,male,2,rent,quite rich,moderate,3213.0,18,radio/TV,good
33.0,male,3,own,little,moderate,4439.0,18,business,good
37.0,male,1,own,little,rich,3949.0,10,car,good
43.0,female,1,own,little,unknown,1459.0,15,radio/TV,good
23.0,male,2,own,little,moderate,882.0,13,radio/TV,good
23.0,female,0,rent,quite rich,moderate,3758.0,24,radio/TV,good
34.0,male,1,own,moderate,unknown,1743.0,6,business,good
32.0,male,2,free,rich,moderate,1136.0,9,education,bad
23.0,female,2,rent,little,unknown,1236.0,9,domestic appliances,good
29.0,female,2,own,little,moderate,959.0,9,furniture/equipment,bad
38.0,male,3,own,unknown,unknown,3229.0,18,car,good
28.0,male,2,rent,little,little,6199.0,12,radio/TV,bad
46.0,male,2,free,quite rich,unknown,727.0,10,education,good
23.0,male,1,own,little,moderate,1246.0,24,car,bad
49.0,male,2,own,unknown,unknown,2331.0,12,radio/TV,good
26.0,male,3,own,little,unknown,4463.0,36,radio/TV,bad
28.0,male,2,own,little,unknown,776.0,12,radio/TV,good
23.0,female,2,rent,little,little,2406.0,30,furniture/equipment,bad
61.0,male,2,free,unknown,moderate,1239.0,18,education,good
37.0,male,3,own,unknown,rich,3399.0,12,radio/TV,good
36.0,female,2,own,little,rich,2247.0,12,car,good
21.0,male,2,rent,little,unknown,1766.0,6,furniture/equipment,good
25.0,male,0,own,little,little,2473.0,18,furniture/equipment,bad
36.0,male,2,own,little,unknown,1542.0,12,business,good
27.0,male,2,own,little,unknown,3850.0,18,car,good
22.0,female,2,rent,little,little,3650.0,18,furniture/equipment,good
42.0,male,2,own,little,little,3446.0,36,furniture/equipment,bad
40.0,female,2,rent,little,moderate,3001.0,18,furniture/equipment,good
36.0,male,2,own,unknown,unknown,3079.0,36,car,good
33.0,male,2,own,little,unknown,6070.0,18,radio/TV,good
23.0,female,2,rent,little,unknown,2146.0,10,furniture/equipment,good
63.0,male,3,free,unknown,unknown,7882.375,42,car,good
60.0,female,3,free,moderate,moderate,7882.375,42,vacation/others,bad
37.0,female,2,rent,little,little,7685.0,42,business,bad
34.0,male,2,own,little,unknown,2320.0,18,radio/TV,good
36.0,male,2,free,unknown,unknown,846.0,7,radio/TV,good
57.0,male,3,free,little,moderate,7882.375,36,car,bad
52.0,female,1,own,moderate,unknown,362.0,6,car,good
39.0,male,2,own,unknown,little,2212.0,20,furniture/equipment,good
38.0,female,3,free,little,moderate,7882.375,18,car,bad
25.0,female,2,rent,unknown,unknown,1283.0,22,car,good
26.0,male,2,own,little,rich,1330.0,12,car,good
26.0,male,1,own,moderate,unknown,4272.0,30,business,good
25.0,female,2,own,little,unknown,2238.0,18,radio/TV,good
21.0,female,2,rent,unknown,unknown,1126.0,18,radio/TV,good
40.0,male,3,own,little,moderate,7374.0,18,furniture/equipment,good
27.0,male,2,own,quite rich,moderate,2326.0,15,business,good
27.0,female,2,own,little,unknown,1449.0,9,business,good
30.0,male,3,own,little,unknown,1820.0,18,car,good
19.0,female,1,rent,rich,moderate,983.0,12,furniture/equipment,good
39.0,male,3,free,little,little,3249.0,36,car,good
31.0,female,2,own,little,little,1957.0,6,radio/TV,good
31.0,male,3,own,little,unknown,2406.0,9,furniture/equipment,good
32.0,male,2,rent,moderate,moderate,7882.375,39,education,good
55.0,female,3,free,little,little,2578.0,12,furniture/equipment,good
46.0,male,2,own,little,little,2348.0,36,furniture/equipment,good
46.0,male,2,rent,little,moderate,1223.0,12,car,bad
43.0,female,1,own,rich,unknown,1516.0,24,radio/TV,good
39.0,male,2,own,little,unknown,1473.0,18,radio/TV,good
28.0,male,2,own,unknown,moderate,1887.0,18,business,good
27.0,male,2,own,little,unknown,7882.375,24,business,bad
27.0,male,1,own,little,unknown,802.0,14,car,good
43.0,male,2,own,unknown,moderate,2899.0,18,car,good
22.0,male,2,own,little,moderate,2039.0,24,radio/TV,bad
43.0,male,2,own,unknown,unknown,2197.0,24,car,good
27.0,male,2,own,little,little,1053.0,15,radio/TV,good
26.0,male,3,own,quite rich,unknown,3235.0,24,radio/TV,good
28.0,male,2,own,quite rich,rich,939.0,12,car,bad
20.0,female,2,own,little,moderate,1967.0,24,radio/TV,good
35.0,male,3,own,little,unknown,7253.0,33,car,good
42.0,male,3,own,little,unknown,2292.0,12,business,bad
40.0,male,1,rent,quite rich,unknown,1597.0,10,car,good
35.0,female,2,own,unknown,little,1381.0,24,car,bad
35.0,male,2,own,little,unknown,5842.0,36,car,good
33.0,male,1,own,little,little,2579.0,12,car,bad
23.0,female,2,rent,unknown,little,7882.375,18,education,good
31.0,female,3,own,quite rich,unknown,2782.0,21,car,good
33.0,female,2,own,unknown,moderate,1042.0,18,car,bad
20.0,female,2,rent,rich,unknown,3186.0,15,car,good
30.0,male,2,own,unknown,moderate,2028.0,12,car,good
47.0,male,1,own,little,moderate,958.0,12,car,good
34.0,male,3,own,moderate,unknown,1591.0,21,furniture/equipment,good
25.0,female,2,own,unknown,moderate,2762.0,12,furniture/equipment,bad
21.0,male,2,rent,little,moderate,2779.0,18,car,good
29.0,male,2,own,little,unknown,2743.0,28,radio/TV,good
46.0,male,2,own,rich,unknown,1149.0,18,radio/TV,good
20.0,male,2,own,little,unknown,1313.0,9,furniture/equipment,good
55.0,female,0,free,little,little,1190.0,18,repairs,bad
64.5,male,1,own,little,unknown,3448.0,5,business,good
29.0,male,3,own,little,moderate,7882.375,24,vacation/others,bad
36.0,male,3,free,little,little,1872.0,6,furniture/equipment,good
33.0,male,2,own,little,unknown,2058.0,24,repairs,good
25.0,male,2,own,little,little,2136.0,9,furniture/equipment,good
25.0,male,2,own,unknown,moderate,1484.0,12,radio/TV,bad
23.0,male,1,rent,quite rich,unknown,660.0,6,repairs,good
37.0,female,2,own,rich,unknown,1287.0,24,car,good
64.5,male,0,own,little,little,3394.0,42,repairs,good
26.0,female,0,own,little,rich,609.0,12,business,bad
39.0,male,3,own,little,unknown,1884.0,12,car,good
30.0,female,2,own,little,little,1620.0,12,furniture/equipment,good
29.0,male,2,own,little,moderate,2629.0,20,vacation/others,good
41.0,male,1,own,little,unknown,719.0,12,education,bad
30.0,female,3,own,little,moderate,5096.0,42,furniture/equipment,bad
41.0,female,1,rent,unknown,unknown,1244.0,9,education,good
34.0,female,2,own,little,little,1842.0,36,car,bad
35.0,male,2,own,little,moderate,2576.0,7,radio/TV,good
55.0,female,3,own,unknown,rich,1424.0,12,furniture/equipment,good
61.0,male,2,own,rich,moderate,1512.0,15,repairs,bad
30.0,male,3,own,unknown,unknown,7882.375,36,car,good
29.0,female,2,own,little,unknown,518.0,6,radio/TV,good
34.0,male,2,own,little,unknown,2759.0,12,furniture/equipment,good
35.0,male,3,own,little,unknown,2670.0,24,car,good
31.0,male,2,own,little,little,4817.0,24,car,bad
29.0,female,3,own,little,unknown,2679.0,24,car,good
36.0,male,2,rent,little,little,3905.0,11,car,good
35.0,male,2,free,little,little,3386.0,12,car,bad
27.0,female,2,own,little,little,343.0,6,domestic appliances,good
32.0,male,2,own,little,unknown,4594.0,18,radio/TV,good
37.0,male,2,own,little,little,3620.0,36,furniture/equipment,good
36.0,male,2,own,little,little,1721.0,15,car,good
34.0,female,3,rent,little,moderate,3017.0,12,furniture/equipment,good
38.0,male,2,own,unknown,moderate,754.0,12,education,good
34.0,male,2,own,little,unknown,1950.0,18,business,good
63.0,male,2,own,little,little,2924.0,24,car,good
29.0,female,1,rent,little,little,1659.0,24,radio/TV,bad
32.0,male,2,own,unknown,unknown,7238.0,42,radio/TV,good
26.0,female,2,own,little,unknown,2764.0,33,business,good
35.0,male,1,own,little,unknown,4679.0,24,car,good
22.0,male,2,rent,moderate,moderate,3092.0,24,radio/TV,bad
23.0,female,2,own,little,little,448.0,6,education,bad
28.0,male,1,own,little,little,654.0,9,car,bad
36.0,male,3,own,unknown,unknown,1238.0,6,education,good
33.0,male,2,own,little,moderate,1245.0,18,radio/TV,bad
26.0,female,2,rent,little,little,3114.0,18,furniture/equipment,bad
24.0,male,2,own,quite rich,unknown,2569.0,39,car,good
25.0,male,2,own,little,rich,5152.0,24,radio/TV,good
39.0,male,1,own,moderate,moderate,1037.0,12,business,good
44.0,male,2,own,little,little,1478.0,15,furniture/equipment,good
23.0,female,1,own,little,moderate,3573.0,12,radio/TV,good
26.0,male,2,own,little,moderate,1201.0,24,car,good
57.0,female,2,rent,rich,little,3622.0,30,furniture/equipment,good
30.0,female,2,own,rich,unknown,960.0,15,furniture/equipment,good
44.0,male,2,own,quite rich,unknown,1163.0,12,car,good
47.0,male,3,own,little,moderate,1209.0,6,car,bad
52.0,male,2,own,little,unknown,3077.0,12,radio/TV,good
62.0,female,2,free,little,unknown,3757.0,24,car,good
35.0,male,1,rent,moderate,unknown,1418.0,10,car,good
26.0,male,2,rent,little,unknown,3518.0,6,car,good
26.0,male,2,own,little,unknown,1934.0,12,radio/TV,good
42.0,female,3,free,little,moderate,7882.375,27,business,bad
27.0,female,2,own,moderate,unknown,1237.0,6,radio/TV,good
38.0,male,2,own,unknown,moderate,368.0,6,radio/TV,good
39.0,male,1,rent,little,little,2122.0,12,car,good
20.0,male,2,own,unknown,little,2996.0,24,furniture/equipment,bad
29.0,male,3,rent,moderate,moderate,7882.375,36,furniture/equipment,bad
40.0,male,2,own,little,unknown,1585.0,24,furniture/equipment,good
32.0,male,1,own,little,moderate,1301.0,18,radio/TV,good
28.0,male,2,own,moderate,rich,1323.0,6,car,good
27.0,female,2,own,little,little,3123.0,24,car,bad
42.0,male,2,free,little,little,5493.0,36,car,good
49.0,male,2,own,moderate,rich,1126.0,9,radio/TV,good
38.0,male,2,own,moderate,moderate,1216.0,24,radio/TV,bad
24.0,female,2,rent,little,little,1207.0,24,car,bad
27.0,male,1,own,unknown,unknown,1309.0,10,car,bad
36.0,male,2,own,quite rich,rich,2360.0,15,car,good
34.0,male,3,own,moderate,moderate,6850.0,15,car,bad
28.0,male,2,own,little,unknown,1413.0,24,radio/TV,good
45.0,male,3,own,moderate,unknown,7882.375,39,car,good
26.0,male,2,own,little,little,759.0,12,car,bad
32.0,male,3,free,little,unknown,4686.0,36,car,good
26.0,male,2,rent,little,rich,2687.0,15,business,good
20.0,male,2,rent,little,moderate,585.0,12,radio/TV,good
54.0,male,2,own,unknown,unknown,2255.0,24,car,good
37.0,female,2,own,little,little,609.0,6,car,good
40.0,male,1,own,little,little,1361.0,6,car,good
23.0,female,2,rent,little,unknown,7127.0,36,furniture/equipment,bad
43.0,male,2,own,moderate,little,1203.0,6,car,good
36.0,male,2,free,unknown,unknown,700.0,6,radio/TV,good
44.0,male,2,free,little,unknown,5507.0,24,repairs,good
24.0,female,2,own,little,little,3190.0,18,radio/TV,bad
53.0,male,2,free,little,little,7119.0,42,furniture/equipment,bad
23.0,female,2,own,moderate,unknown,3488.0,24,car,good
26.0,female,1,own,little,moderate,1113.0,18,radio/TV,good
30.0,male,2,own,little,moderate,7882.375,26,car,good
31.0,female,2,own,moderate,unknown,1532.0,15,education,good
42.0,male,1,own,little,unknown,1503.0,4,radio/TV,good
31.0,male,2,rent,little,little,2302.0,36,radio/TV,bad
41.0,male,1,own,little,little,662.0,6,car,good
32.0,male,2,own,little,moderate,2273.0,36,education,good
28.0,female,2,rent,moderate,moderate,2631.0,15,car,bad
41.0,male,2,rent,little,unknown,1503.0,12,car,good
26.0,male,2,own,moderate,unknown,1311.0,24,radio/TV,good
25.0,male,2,own,unknown,unknown,3105.0,24,radio/TV,good
33.0,male,2,rent,little,rich,2319.0,21,education,bad
64.5,female,3,own,unknown,little,1374.0,6,car,good
37.0,female,2,own,little,moderate,3612.0,18,furniture/equipment,good
42.0,male,3,free,little,little,7763.0,42,car,bad
45.0,female,1,own,little,rich,3049.0,18,furniture/equipment,good
23.0,male,2,rent,little,moderate,1534.0,12,radio/TV,bad
60.0,male,2,free,little,unknown,2032.0,24,car,good
31.0,male,2,own,unknown,little,6350.0,30,furniture/equipment,bad
34.0,male,1,own,little,rich,2864.0,18,furniture/equipment,bad
61.0,male,1,own,little,unknown,1255.0,12,car,good
43.0,male,2,free,little,little,1333.0,24,car,bad
37.0,female,2,own,little,unknown,2022.0,24,car,good
32.0,male,2,own,little,unknown,1552.0,24,radio/TV,good
24.0,female,1,own,little,little,626.0,12,radio/TV,bad
35.0,male,2,free,unknown,unknown,7882.375,42,car,good
23.0,female,2,own,unknown,unknown,996.0,12,repairs,good
45.0,male,1,own,quite rich,unknown,1750.0,6,radio/TV,good
34.0,male,2,own,little,little,6999.0,42,radio/TV,bad
27.0,male,2,own,moderate,moderate,1995.0,12,car,good
64.5,female,3,own,little,moderate,1199.0,9,education,good
22.0,male,2,own,little,moderate,1331.0,12,radio/TV,bad
28.0,female,2,own,moderate,moderate,2278.0,18,car,bad
29.0,female,2,own,unknown,unknown,5003.0,21,car,bad
27.0,male,2,own,little,little,3552.0,24,furniture/equipment,bad
31.0,male,1,own,little,moderate,1928.0,18,furniture/equipment,bad
49.0,male,2,free,unknown,little,2964.0,24,car,good
24.0,male,1,rent,little,little,1546.0,24,radio/TV,bad
29.0,female,2,own,little,rich,683.0,6,radio/TV,good
37.0,male,2,free,unknown,moderate,7882.375,36,car,bad
37.0,male,3,own,unknown,moderate,4712.0,24,business,good
23.0,female,2,rent,moderate,moderate,1553.0,24,radio/TV,good
36.0,male,2,own,little,little,1372.0,12,car,bad
34.0,male,2,own,rich,unknown,2578.0,24,radio/TV,good
41.0,male,2,own,unknown,moderate,3979.0,42,radio/TV,good
31.0,female,2,own,little,little,6758.0,42,radio/TV,bad
23.0,female,1,rent,little,little,3234.0,24,furniture/equipment,bad
38.0,male,2,own,little,unknown,5954.0,30,radio/TV,good
26.0,female,3,rent,unknown,unknown,5433.0,24,car,good
22.0,female,1,own,little,little,806.0,15,business,good
27.0,male,1,own,little,moderate,1082.0,9,radio/TV,good
24.0,female,2,own,little,unknown,2788.0,15,furniture/equipment,good
27.0,female,2,own,little,moderate,2930.0,12,radio/TV,good
33.0,female,2,own,unknown,unknown,1927.0,24,education,good
27.0,male,2,own,little,moderate,2820.0,36,car,bad
27.0,male,1,own,little,unknown,937.0,24,education,good
30.0,male,2,own,little,moderate,1056.0,18,car,bad
49.0,male,1,own,little,moderate,3124.0,12,car,good
26.0,female,2,rent,little,unknown,1388.0,9,furniture/equipment,good
33.0,male,1,rent,little,moderate,2384.0,36,repairs,bad
52.0,female,3,free,unknown,unknown,2133.0,12,car,good
20.0,female,2,rent,little,little,2039.0,18,furniture/equipment,bad
36.0,male,2,rent,little,little,2799.0,9,car,good
21.0,male,1,own,little,little,1289.0,12,furniture/equipment,good
47.0,male,1,own,little,little,1217.0,18,domestic appliances,bad
60.0,male,2,own,little,little,2246.0,12,furniture/equipment,bad
58.0,female,1,own,little,little,385.0,12,radio/TV,good
42.0,female,2,rent,unknown,moderate,1965.0,24,car,good
36.0,female,1,own,rich,unknown,1572.0,21,business,good
20.0,female,1,rent,little,moderate,2718.0,24,car,bad
40.0,male,3,own,unknown,little,1358.0,24,vacation/others,bad
32.0,female,1,own,moderate,moderate,931.0,6,car,bad
23.0,female,2,rent,little,little,1442.0,24,car,bad
36.0,male,1,own,little,moderate,4241.0,24,business,bad
31.0,male,2,own,little,unknown,2775.0,18,car,bad
32.0,male,2,free,little,unknown,3863.0,24,business,good
45.0,female,2,own,little,moderate,2329.0,7,radio/TV,good
30.0,female,2,own,little,moderate,918.0,9,furniture/equipment,bad
34.0,female,1,free,little,moderate,1837.0,24,education,bad
28.0,female,3,own,little,unknown,3349.0,36,furniture/equipment,bad
23.0,female,2,own,little,rich,1275.0,10,furniture/equipment,good
22.0,male,2,own,quite rich,little,2828.0,24,furniture/equipment,good
64.5,male,3,own,little,unknown,4526.0,24,business,good
50.0,female,2,free,moderate,moderate,2671.0,36,radio/TV,bad
33.0,male,2,own,little,unknown,2051.0,18,radio/TV,good
45.0,male,2,free,unknown,unknown,1300.0,15,car,good
22.0,female,2,own,moderate,little,741.0,12,domestic appliances,bad
48.0,female,1,free,moderate,rich,1240.0,10,car,bad
29.0,female,2,own,rich,little,3357.0,21,radio/TV,good
22.0,female,2,rent,little,little,3632.0,24,car,good
22.0,female,2,own,little,unknown,1808.0,18,furniture/equipment,bad
48.0,male,3,own,unknown,moderate,7882.375,42,business,good
27.0,male,3,free,unknown,moderate,7882.375,42,radio/TV,good
37.0,male,2,rent,little,little,3676.0,6,car,good
21.0,female,2,rent,moderate,moderate,3441.0,30,furniture/equipment,bad
49.0,male,1,own,little,unknown,640.0,12,car,good
27.0,male,2,own,little,moderate,3652.0,21,business,good
32.0,male,2,own,little,unknown,1530.0,18,car,bad
38.0,male,2,own,unknown,unknown,3914.0,42,business,bad
22.0,female,2,rent,little,little,1858.0,12,furniture/equipment,good
64.5,male,2,free,little,little,2600.0,18,radio/TV,bad
35.0,male,2,own,unknown,unknown,1979.0,15,radio/TV,good
41.0,male,2,own,little,rich,2116.0,6,furniture/equipment,good
29.0,male,2,own,moderate,moderate,1437.0,9,car,bad
36.0,male,2,own,quite rich,unknown,4042.0,42,furniture/equipment,good
64.0,male,1,own,unknown,unknown,3832.0,9,education,good
28.0,female,2,own,little,little,3660.0,24,radio/TV,good
44.0,male,2,own,little,little,1553.0,18,furniture/equipment,bad
23.0,male,2,own,unknown,moderate,1444.0,15,radio/TV,good
19.0,female,2,rent,little,unknown,1980.0,9,furniture/equipment,bad
25.0,female,1,own,little,moderate,1355.0,24,car,bad
47.0,male,2,own,little,unknown,1393.0,12,education,good
28.0,female,2,own,quite rich,unknown,1376.0,24,radio/TV,good
21.0,male,2,own,little,unknown,7882.375,42,radio/TV,good
34.0,female,2,own,little,unknown,1493.0,12,radio/TV,good
26.0,male,2,own,little,little,4370.0,42,radio/TV,bad
27.0,female,0,own,little,little,750.0,18,education,bad
38.0,male,1,own,little,moderate,1308.0,15,repairs,good
40.0,male,3,own,moderate,unknown,4623.0,15,education,bad
33.0,male,2,own,little,unknown,1851.0,24,radio/TV,good
32.0,male,3,own,little,little,1880.0,18,radio/TV,good
27.0,male,2,rent,unknown,unknown,7882.375,36,business,bad
32.0,male,2,own,little,little,4583.0,30,furniture/equipment,good
26.0,female,2,own,quite rich,unknown,1386.0,12,car,bad
38.0,male,2,free,little,rich,947.0,24,car,bad
40.0,male,1,rent,little,little,684.0,12,education,bad
50.0,male,3,free,little,little,7476.0,42,education,good
37.0,male,1,own,little,moderate,1922.0,12,furniture/equipment,bad
45.0,male,2,own,little,little,2303.0,24,car,bad
42.0,male,3,own,moderate,moderate,7882.375,36,car,bad
35.0,male,2,own,little,unknown,2346.0,24,car,good
22.0,male,2,free,little,little,3973.0,14,car,good
41.0,male,1,own,little,moderate,888.0,12,car,bad
37.0,male,2,own,unknown,unknown,7882.375,42,radio/TV,good
28.0,female,2,own,little,moderate,4221.0,30,business,good
41.0,male,2,own,little,moderate,6361.0,18,furniture/equipment,good
23.0,male,2,rent,little,rich,1297.0,12,radio/TV,good
23.0,male,2,own,unknown,little,900.0,12,car,bad
50.0,male,2,own,little,unknown,2241.0,21,furniture/equipment,good
35.0,male,3,own,little,moderate,1050.0,6,furniture/equipment,good
50.0,female,1,own,little,rich,1047.0,6,education,good
27.0,male,3,own,little,unknown,6314.0,24,vacation/others,good
34.0,male,2,own,rich,moderate,3496.0,30,furniture/equipment,good
27.0,female,2,own,little,unknown,3609.0,42,business,good
43.0,male,2,rent,little,little,4843.0,12,car,bad
47.0,male,2,own,little,rich,3017.0,30,radio/TV,good
27.0,male,1,own,moderate,unknown,4139.0,24,business,good
31.0,male,2,own,moderate,unknown,5742.0,36,business,good
42.0,male,3,own,little,unknown,7882.375,42,car,good
24.0,male,2,own,quite rich,unknown,2080.0,6,car,good
41.0,male,1,own,quite rich,unknown,2580.0,21,business,bad
26.0,female,3,rent,little,unknown,4530.0,30,radio/TV,good
33.0,male,2,own,little,unknown,5150.0,24,furniture/equipment,good
24.0,male,2,own,moderate,moderate,5595.0,42,radio/TV,bad
64.0,male,1,rent,little,little,2384.0,24,radio/TV,good
26.0,female,2,own,little,unknown,1453.0,18,radio/TV,good
56.0,female,2,own,little,unknown,1538.0,6,education,good
37.0,male,2,free,unknown,unknown,2279.0,12,radio/TV,good
33.0,male,2,own,little,unknown,1478.0,15,radio/TV,good
47.0,male,2,free,little,unknown,5103.0,24,radio/TV,good
31.0,male,1,own,moderate,moderate,7882.375,36,business,good
34.0,male,2,free,unknown,unknown,6527.0,42,car,good
27.0,male,2,own,unknown,rich,1347.0,10,radio/TV,good
30.0,male,2,free,moderate,moderate,2862.0,36,car,good
35.0,male,2,own,moderate,unknown,2753.0,9,radio/TV,good
31.0,male,2,own,rich,little,3651.0,12,car,good
25.0,male,2,own,little,little,975.0,15,furniture/equipment,good
25.0,female,1,own,moderate,moderate,2631.0,15,repairs,good
29.0,male,2,own,moderate,moderate,2896.0,24,radio/TV,good
44.0,male,1,own,unknown,little,4716.0,6,car,good
28.0,male,2,own,little,unknown,2284.0,24,radio/TV,good
50.0,male,2,rent,quite rich,unknown,1236.0,6,car,good
29.0,male,2,own,little,moderate,1103.0,12,radio/TV,good
38.0,female,0,own,little,unknown,926.0,12,car,good
24.0,male,2,own,little,unknown,1800.0,18,radio/TV,good
40.0,male,3,rent,little,rich,1905.0,15,education,good
29.0,female,1,rent,quite rich,unknown,1123.0,12,furniture/equipment,bad
46.0,male,2,free,little,little,6331.0,42,car,bad
47.0,female,2,free,moderate,rich,1377.0,24,radio/TV,good
41.0,male,2,own,moderate,moderate,2503.0,30,business,good
32.0,female,2,own,little,moderate,2528.0,27,business,good
35.0,female,2,free,quite rich,unknown,5324.0,15,car,good
24.0,male,2,own,moderate,moderate,6560.0,42,car,bad
25.0,female,2,rent,little,moderate,2969.0,12,furniture/equipment,bad
25.0,female,2,own,little,moderate,1206.0,9,radio/TV,good
37.0,male,1,own,little,moderate,2118.0,9,radio/TV,good
32.0,male,3,own,quite rich,unknown,629.0,18,radio/TV,good
35.0,female,2,free,little,little,1198.0,6,education,bad
46.0,male,3,own,unknown,unknown,2476.0,21,car,good
25.0,male,1,own,little,little,1138.0,9,radio/TV,good
27.0,male,3,own,little,moderate,7882.375,42,car,bad
63.0,male,2,own,unknown,unknown,7596.0,30,car,good
40.0,male,2,own,unknown,unknown,3077.0,30,radio/TV,good
32.0,male,3,free,little,unknown,1505.0,18,radio/TV,good
31.0,male,2,own,unknown,rich,3148.0,24,radio/TV,good
31.0,male,2,own,moderate,moderate,6148.0,20,car,good
34.0,male,3,own,little,rich,1337.0,9,radio/TV,bad
24.0,female,2,rent,rich,moderate,433.0,6,education,bad
24.0,female,1,own,little,little,1228.0,12,car,bad
64.5,female,1,own,quite rich,moderate,790.0,9,radio/TV,good
21.0,female,2,rent,little,unknown,2570.0,27,car,bad
41.0,female,1,own,rich,unknown,250.0,6,car,good
47.0,male,1,own,quite rich,unknown,1316.0,15,radio/TV,good
25.0,female,2,rent,little,little,1882.0,18,radio/TV,bad
59.0,female,2,rent,little,moderate,6416.0,42,business,bad
36.0,male,2,own,rich,rich,1275.0,24,business,good
33.0,male,2,own,little,moderate,6403.0,24,radio/TV,good
21.0,male,1,rent,little,little,1987.0,24,radio/TV,bad
44.0,female,1,own,little,moderate,760.0,8,radio/TV,good
28.0,female,2,rent,rich,unknown,2603.0,24,car,good
37.0,female,2,own,little,unknown,3380.0,4,car,good
29.0,female,0,own,unknown,moderate,3990.0,36,domestic appliances,good
23.0,female,3,rent,little,moderate,7882.375,24,car,bad
35.0,male,1,own,moderate,little,4380.0,18,car,good
45.0,male,3,own,little,unknown,6761.0,6,car,good
26.0,female,1,rent,moderate,moderate,4280.0,30,business,bad
32.0,male,2,own,moderate,little,2325.0,24,car,good
23.0,male,1,own,little,moderate,1048.0,10,radio/TV,good
41.0,male,2,own,unknown,unknown,3160.0,21,radio/TV,good
22.0,male,2,own,quite rich,little,2483.0,24,furniture/equipment,good
30.0,male,3,own,unknown,little,7882.375,39,furniture/equipment,good
28.0,male,1,own,little,little,1797.0,13,business,good
23.0,female,2,rent,little,little,2511.0,15,car,good
37.0,female,1,own,little,little,1274.0,12,car,bad
26.0,male,2,own,unknown,unknown,5248.0,21,car,good
33.0,male,2,own,little,unknown,3029.0,15,car,good
49.0,female,2,own,little,little,428.0,6,furniture/equipment,good
23.0,female,1,own,little,little,976.0,18,car,bad
23.0,female,1,rent,moderate,moderate,841.0,12,business,good
25.0,female,2,own,little,unknown,5771.0,30,radio/TV,good
55.0,male,2,free,rich,unknown,1555.0,12,repairs,bad
32.0,female,2,rent,unknown,little,1285.0,24,car,bad
64.5,male,0,own,little,rich,1299.0,6,car,good
39.0,male,2,free,unknown,rich,1271.0,15,radio/TV,bad
31.0,male,2,own,little,unknown,1393.0,24,car,good
35.0,male,2,own,little,little,691.0,12,car,bad
59.0,female,2,own,unknown,unknown,5045.0,15,car,good
24.0,female,2,rent,little,little,2124.0,18,furniture/equipment,bad
24.0,male,1,own,little,little,2214.0,12,radio/TV,good
30.0,male,3,free,unknown,unknown,7882.375,21,car,bad
27.0,male,2,own,moderate,unknown,2463.0,24,car,good
40.0,male,1,own,little,moderate,1155.0,12,radio/TV,good
31.0,male,1,own,little,little,3108.0,30,furniture/equipment,bad
31.0,female,2,rent,unknown,unknown,2901.0,10,car,good
28.0,male,2,rent,little,moderate,3617.0,12,furniture/equipment,good
63.0,male,1,own,little,unknown,1655.0,12,radio/TV,good
26.0,female,2,rent,unknown,little,2812.0,24,car,good
25.0,female,3,own,little,little,7882.375,36,education,bad
36.0,male,3,own,little,unknown,3275.0,21,car,good
52.0,male,2,own,moderate,unknown,2223.0,24,radio/TV,good
64.5,male,0,free,quite rich,rich,1480.0,12,car,good
25.0,female,2,rent,unknown,little,1371.0,24,car,bad
37.0,male,2,own,little,unknown,3535.0,36,car,good
25.0,female,2,own,little,little,3509.0,18,radio/TV,good
38.0,male,3,own,rich,unknown,5711.0,36,car,good
64.5,female,2,own,little,moderate,3872.0,18,repairs,good
25.0,male,2,own,little,moderate,4933.0,39,radio/TV,bad
60.0,male,2,own,rich,unknown,1940.0,24,car,good
31.0,male,1,own,little,moderate,1410.0,12,education,good
23.0,female,1,own,moderate,moderate,836.0,12,car,bad
60.0,male,3,own,unknown,moderate,6468.0,20,car,good
35.0,male,1,own,rich,moderate,1941.0,18,business,good
40.0,male,2,own,quite rich,unknown,2675.0,22,radio/TV,good
38.0,male,2,own,unknown,unknown,2751.0,42,car,good
50.0,male,2,free,little,moderate,6224.0,42,education,bad
27.0,male,2,own,little,little,5998.0,40,education,bad
39.0,female,2,own,little,moderate,1188.0,21,business,bad
41.0,male,3,own,unknown,unknown,6313.0,24,car,good
27.0,male,2,own,unknown,unknown,1221.0,6,furniture/equipment,good
51.0,male,2,free,little,rich,2892.0,24,furniture/equipment,good
32.0,male,2,rent,quite rich,unknown,3062.0,24,furniture/equipment,good
22.0,female,2,rent,moderate,unknown,2301.0,9,furniture/equipment,good
51.0,male,2,free,unknown,little,7511.0,18,car,bad
22.0,female,1,rent,little,unknown,1258.0,12,furniture/equipment,good
54.0,male,2,own,unknown,unknown,717.0,24,car,good
35.0,male,0,own,unknown,moderate,1549.0,9,car,good
54.0,male,2,free,little,unknown,1597.0,24,education,good
48.0,female,1,rent,little,moderate,1795.0,18,radio/TV,good
24.0,female,2,own,little,little,4272.0,20,furniture/equipment,good
35.0,male,2,own,unknown,unknown,976.0,12,radio/TV,good
24.0,female,0,rent,unknown,moderate,7472.0,12,car,good
24.0,male,2,own,little,little,7882.375,36,car,bad
26.0,male,1,own,little,moderate,590.0,6,radio/TV,good
64.5,male,2,own,unknown,unknown,930.0,12,radio/TV,good
55.0,male,3,free,little,moderate,7882.375,42,car,good
26.0,female,0,rent,little,moderate,1778.0,15,car,bad
26.0,male,2,own,little,moderate,907.0,8,business,good
28.0,male,1,own,little,moderate,484.0,6,radio/TV,good
24.0,male,2,own,little,little,7882.375,36,car,bad
54.0,male,2,own,little,little,3051.0,42,domestic appliances,bad
46.0,male,2,free,little,little,3931.0,42,car,bad
54.0,female,2,rent,little,moderate,7432.0,36,car,good
62.0,male,2,own,quite rich,unknown,1338.0,6,domestic appliances,good
24.0,female,2,rent,little,unknown,1554.0,6,radio/TV,good
43.0,male,3,own,little,little,7882.375,36,vacation/others,good
26.0,male,2,own,little,little,1345.0,18,radio/TV,bad
27.0,male,2,own,little,unknown,1101.0,12,car,good
24.0,male,2,own,little,rich,3016.0,12,radio/TV,good
41.0,male,2,own,little,little,2712.0,36,furniture/equipment,bad
47.0,male,1,own,little,little,731.0,8,car,good
35.0,male,3,own,little,unknown,3780.0,18,furniture/equipment,good
30.0,male,2,own,little,little,1602.0,21,car,good
33.0,female,2,rent,little,little,3966.0,18,car,bad
36.0,male,2,own,little,unknown,4165.0,18,business,bad
47.0,male,2,free,unknown,little,7882.375,36,car,bad
38.0,male,2,free,unknown,moderate,6681.0,42,business,good
44.0,male,2,own,quite rich,unknown,2375.0,24,business,good
23.0,female,2,rent,little,little,1216.0,18,car,bad
29.0,male,2,rent,little,little,7882.375,42,business,bad
42.0,female,2,own,unknown,moderate,5084.0,24,radio/TV,good
25.0,female,1,own,little,rich,2327.0,15,radio/TV,bad
48.0,male,2,own,little,little,1082.0,12,car,bad
21.0,female,2,own,unknown,unknown,886.0,12,radio/TV,good
23.0,female,1,rent,little,unknown,601.0,4,furniture/equipment,good
63.0,male,2,own,little,little,2957.0,24,car,good
46.0,male,2,own,little,unknown,2611.0,24,radio/TV,good
29.0,male,2,own,little,little,5179.0,36,furniture/equipment,bad
28.0,male,1,own,little,unknown,2993.0,21,car,good
23.0,female,2,own,little,unknown,1943.0,18,repairs,bad
50.0,male,2,own,little,unknown,1559.0,24,business,good
47.0,male,2,own,little,unknown,3422.0,18,furniture/equipment,good
35.0,male,2,own,unknown,moderate,3976.0,21,furniture/equipment,good
64.5,male,2,rent,unknown,unknown,6761.0,18,car,bad
28.0,male,2,own,little,unknown,1249.0,24,car,good
59.0,male,2,own,little,little,1364.0,9,radio/TV,good
57.0,male,1,own,little,little,709.0,12,radio/TV,bad
33.0,male,2,rent,little,little,2235.0,20,car,bad
43.0,male,2,own,unknown,unknown,4042.0,24,car,good
35.0,male,2,free,little,unknown,1471.0,15,radio/TV,good
32.0,male,1,free,little,little,1442.0,18,car,bad
45.0,male,2,own,little,unknown,7882.375,36,car,good
33.0,male,2,own,moderate,unknown,1474.0,24,car,good
40.0,female,2,own,unknown,unknown,894.0,10,education,good
28.0,male,2,free,little,unknown,3343.0,15,furniture/equipment,good
29.0,female,2,own,little,little,3959.0,15,car,bad
26.0,male,2,rent,moderate,unknown,3577.0,9,car,good
27.0,male,2,own,rich,unknown,5804.0,24,car,good
28.0,male,2,own,little,unknown,2169.0,18,business,bad
35.0,female,2,own,little,little,2439.0,24,radio/TV,bad
32.0,male,1,own,rich,unknown,4526.0,27,furniture/equipment,good
25.0,male,1,rent,little,unknown,2210.0,10,furniture/equipment,bad
20.0,female,2,rent,quite rich,unknown,2221.0,15,furniture/equipment,good
27.0,female,2,own,little,little,2389.0,18,radio/TV,good
42.0,male,2,own,little,unknown,3331.0,12,furniture/equipment,good
37.0,male,2,own,unknown,unknown,7409.0,36,business,good
24.0,female,2,rent,little,little,652.0,12,furniture/equipment,good
40.0,female,2,own,quite rich,unknown,7678.0,36,furniture/equipment,good
46.0,male,2,own,little,rich,1343.0,6,car,good
26.0,male,2,own,moderate,little,1382.0,24,business,good
24.0,female,2,own,unknown,unknown,874.0,15,domestic appliances,good
29.0,male,1,own,little,little,3590.0,12,furniture/equipment,good
40.0,female,2,own,rich,moderate,1322.0,11,car,good
36.0,male,3,free,little,little,1940.0,18,radio/TV,good
28.0,male,2,own,little,unknown,3595.0,36,radio/TV,good
27.0,male,3,free,little,little,1422.0,9,car,bad
36.0,male,2,own,unknown,unknown,6742.0,30,radio/TV,good
38.0,male,3,own,little,unknown,7814.0,24,car,good
48.0,male,2,free,unknown,unknown,7882.375,24,car,good
36.0,male,2,own,unknown,moderate,2181.0,30,car,good
64.5,female,0,own,little,unknown,1098.0,18,radio/TV,good
43.0,male,2,own,little,moderate,4057.0,24,furniture/equipment,bad
53.0,female,2,own,little,little,795.0,12,education,bad
34.0,male,2,own,unknown,moderate,2825.0,24,business,good
23.0,male,2,own,little,moderate,7882.375,42,business,bad
34.0,male,3,own,little,unknown,6614.0,36,car,good
40.0,male,2,rent,unknown,unknown,7824.0,28,car,good
43.0,male,3,own,little,little,2442.0,27,business,good
46.0,male,2,own,little,unknown,1829.0,15,radio/TV,good
38.0,male,1,own,little,little,2171.0,12,car,good
34.0,male,2,own,little,moderate,5800.0,36,car,good
29.0,male,2,own,unknown,unknown,1169.0,18,radio/TV,good
31.0,male,3,own,unknown,unknown,7882.375,36,car,good
28.0,female,3,rent,little,little,2606.0,21,radio/TV,good
35.0,female,2,own,rich,unknown,1592.0,12,furniture/equipment,good
33.0,female,1,rent,unknown,unknown,2186.0,15,furniture/equipment,good
42.0,male,2,own,little,little,4153.0,18,furniture/equipment,bad
43.0,male,2,rent,little,little,2625.0,16,car,bad
44.0,male,2,own,unknown,unknown,3485.0,20,car,good
42.0,male,2,free,unknown,unknown,7882.375,36,car,good
40.0,male,2,rent,unknown,unknown,1386.0,15,radio/TV,good
36.0,male,3,own,little,unknown,1278.0,24,radio/TV,good
20.0,male,3,rent,little,little,1107.0,12,radio/TV,good
24.0,male,1,own,unknown,little,3763.0,21,car,good
27.0,male,2,own,unknown,moderate,3711.0,36,education,good
46.0,female,1,own,little,unknown,3594.0,15,car,good
33.0,female,1,own,unknown,moderate,3195.0,9,car,good
34.0,female,2,own,little,unknown,4454.0,36,radio/TV,good
25.0,female,1,own,little,moderate,4736.0,24,furniture/equipment,bad
25.0,female,2,own,unknown,moderate,2991.0,30,radio/TV,good
28.0,male,2,own,rich,unknown,2142.0,11,business,good
31.0,male,2,rent,little,little,3161.0,24,business,bad
32.0,female,3,own,little,moderate,7882.375,42,vacation/others,bad
32.0,male,2,own,moderate,unknown,2848.0,10,car,good
64.5,male,3,own,little,little,7882.375,6,car,bad
33.0,male,2,own,moderate,little,2359.0,24,furniture/equipment,bad
39.0,male,3,rent,little,little,3345.0,24,furniture/equipment,bad
28.0,female,2,own,little,unknown,1817.0,18,furniture/equipment,good
37.0,male,3,own,quite rich,unknown,7882.375,42,radio/TV,good
22.0,female,2,rent,little,little,1366.0,9,radio/TV,bad
30.0,male,2,rent,little,moderate,2002.0,12,car,good
55.0,male,2,own,little,little,6872.0,24,furniture/equipment,bad
46.0,male,2,own,little,little,697.0,12,car,bad
21.0,female,2,rent,little,little,1049.0,18,furniture/equipment,good
39.0,male,2,free,little,little,7882.375,42,car,bad
58.0,male,2,own,unknown,unknown,1867.0,30,radio/TV,good
43.0,male,1,own,little,little,1344.0,12,car,good
24.0,male,1,own,little,little,1747.0,24,furniture/equipment,good
22.0,female,2,own,little,moderate,1670.0,9,radio/TV,bad
30.0,male,2,own,little,unknown,1224.0,9,car,good
42.0,male,2,own,quite rich,unknown,522.0,12,radio/TV,good
23.0,female,2,own,little,little,1498.0,12,radio/TV,good
30.0,male,3,own,moderate,moderate,1919.0,30,radio/TV,bad
28.0,female,1,own,little,rich,745.0,9,radio/TV,bad
30.0,male,3,rent,little,moderate,2063.0,6,radio/TV,good
42.0,male,2,free,little,moderate,6288.0,42,education,bad
46.0,male,3,own,unknown,unknown,6842.0,24,car,good
45.0,male,3,own,unknown,unknown,3527.0,12,car,good
31.0,male,1,own,little,unknown,1546.0,10,car,good
31.0,male,2,own,unknown,unknown,929.0,24,furniture/equipment,good
42.0,male,1,own,little,unknown,1455.0,4,car,good
46.0,female,2,rent,little,little,1845.0,15,furniture/equipment,good
30.0,female,2,own,quite rich,moderate,7882.375,42,car,good
30.0,male,2,free,quite rich,little,3349.0,24,furniture/equipment,bad
38.0,male,3,own,unknown,unknown,2859.0,12,car,good
43.0,male,1,own,little,unknown,1533.0,18,furniture/equipment,bad
31.0,male,2,own,moderate,unknown,3621.0,24,radio/TV,bad
40.0,male,0,own,little,moderate,3590.0,18,business,good
24.0,male,2,own,little,little,2145.0,36,business,bad
28.0,female,2,rent,quite rich,moderate,4113.0,24,car,bad
26.0,female,3,own,little,unknown,7882.375,36,furniture/equipment,bad
29.0,female,2,own,little,little,1893.0,12,car,good
57.0,female,3,rent,rich,little,1231.0,24,radio/TV,good
49.0,male,1,own,unknown,rich,3656.0,30,radio/TV,good
37.0,male,1,own,little,moderate,1154.0,9,radio/TV,good
45.0,male,1,own,little,little,4006.0,28,car,bad
30.0,male,2,free,moderate,moderate,3069.0,24,furniture/equipment,good
30.0,male,2,rent,little,unknown,1740.0,6,radio/TV,good
47.0,male,2,own,little,moderate,2353.0,21,car,good
29.0,male,2,own,unknown,unknown,3556.0,15,car,good
35.0,male,2,own,quite rich,unknown,2397.0,24,radio/TV,bad
22.0,male,1,own,little,moderate,454.0,6,repairs,good
26.0,female,2,own,unknown,moderate,1715.0,30,radio/TV,good
23.0,male,1,own,quite rich,moderate,2520.0,27,radio/TV,bad
54.0,female,3,rent,little,unknown,3568.0,15,radio/TV,good
29.0,male,2,rent,unknown,unknown,7166.0,42,radio/TV,good
40.0,male,1,own,little,little,3939.0,11,car,good
22.0,male,2,own,moderate,moderate,1514.0,15,repairs,good
43.0,male,1,own,little,unknown,7393.0,24,car,good
29.0,female,0,rent,little,little,1193.0,24,car,bad
36.0,male,2,rent,little,little,7297.0,42,business,bad
33.0,female,2,own,little,unknown,2831.0,30,radio/TV,good
57.0,female,1,own,quite rich,rich,1258.0,24,radio/TV,good
64.0,female,2,own,little,moderate,753.0,6,radio/TV,good
42.0,male,2,own,unknown,moderate,2427.0,18,business,good
47.0,male,1,own,little,unknown,2538.0,24,car,bad
25.0,male,2,rent,moderate,moderate,1264.0,15,car,bad
49.0,male,2,own,little,moderate,7882.375,30,furniture/equipment,bad
33.0,male,3,rent,little,unknown,4844.0,42,business,bad
28.0,female,3,own,moderate,rich,2923.0,21,car,good
26.0,male,2,own,little,little,7882.375,36,car,bad
30.0,male,1,own,little,unknown,2028.0,24,furniture/equipment,good
25.0,female,2,rent,little,little,1433.0,15,furniture/equipment,good
33.0,male,2,own,little,rich,6289.0,42,business,good
64.0,female,2,own,moderate,unknown,1409.0,13,radio/TV,good
29.0,male,3,free,little,little,6579.0,24,car,good
48.0,male,1,own,little,moderate,1743.0,24,radio/TV,good
37.0,male,1,own,unknown,unknown,3565.0,12,education,good
34.0,male,1,own,moderate,unknown,1569.0,15,radio/TV,good
23.0,male,1,rent,unknown,little,1936.0,18,radio/TV,good
30.0,male,3,own,little,little,3959.0,36,furniture/equipment,good
50.0,male,2,own,unknown,unknown,2390.0,12,car,good
31.0,female,1,own,little,unknown,1736.0,12,furniture/equipment,good
40.0,male,3,own,little,little,3857.0,30,car,good
38.0,male,2,own,little,unknown,804.0,12,radio/TV,good
23.0,male,2,free,little,little,1845.0,42,radio/TV,bad
27.0,male,2,own,moderate,moderate,4576.0,42,car,good
